,replicate,kmeans_perf,knn_perf,predictor_perf
0,0.0,0.6496816724452091,4.335956937799044,5.246068075919022
1,1.0,0.6389458336320146,5.018253588516747,4.890304084542964
2,2.0,0.6398730977947639,4.616626794258373,5.1595009686121855
3,3.0,0.6311379881792387,4.973004902829464,5.491605943304817
4,4.0,0.6392169199118212,4.553998632946001,4.511437006094838
