,replicate,kmeans_perf,knn_perf,predictor_perf
0,0.0,0.4984465846704439,1.136432e-07,2.719888481398852e-08
1,1.0,0.5140572521809025,1.2077757575757578e-07,2.879737316397706e-08
2,2.0,0.5289618221199336,1.1642821818181819e-07,2.5306050972628853e-08
3,3.0,0.5151615132965648,1.1796585858585858e-07,2.605896737872901e-08
4,4.0,0.5325474728364383,1.2090996363636364e-07,2.9943915146826904e-08
