,replicate,kmeans_perf,knn_perf,predictor_perf
0,0.0,0.2420005015234277,0.1367139502273026,0.1296473200852856
