,replicate,kmeans_perf,knn_perf,predictor_perf
0,0.0,0.024110992966959,0.5961340536848679,0.651872326746777
1,1.0,0.0243732492721682,0.5969279899726452,0.6503728049528941
2,2.0,0.0244039254702013,0.5861442835922948,0.6491783179685473
