,replicate,kmeans_perf,knn_perf,predictor_perf
0,0.0,0.073884781063483,0.0582858139966793,0.0484693502271095
