,replicate,kmeans_perf,knn_perf,predictor_perf
0,0.0,0.8321670771236426,0.7458371480888075,0.7787602998397802
1,1.0,0.8258165346288826,0.7661609132897105,0.7868954661076071
2,2.0,0.8168555157278542,0.7511604970036128,0.786758470109385
3,3.0,0.8402149066734798,0.7431504768847579,0.7875813062604302
4,4.0,0.8382112047507102,0.7769032673426686,0.7760403812793963
