,replicate,kmeans_perf,knn_perf,predictor_perf
0,0.0,0.4248904639488233,22165.781472957424,11491.345217520751
1,1.0,0.4055647101142324,19079.038935558117,10286.27082276915
2,2.0,0.4293378581627946,20799.177577675488,10802.200520251828
3,3.0,0.4113267645186554,20197.78918936197,10924.14132829911
4,4.0,0.4201377479093756,22921.598978533577,11145.543840302464
