,replicate,kmeans_perf,knn_perf,predictor_perf
0,0.0,0.1242796698646274,0.7301630434782609,0.7733695652173913
1,1.0,0.1323166728282593,0.7342792976725194,0.7796883081529875
2,2.0,0.0891393832308649,0.7194444444444444,0.7813279132791329
3,3.0,0.0958894151409272,0.7411520129804279,0.7734793631477537
4,4.0,0.0792890747925586,0.7180406212664276,0.7759890766342379
