,replicate,kmeans_perf,knn_perf,predictor_perf
0,0.0,0.29220661130288,0.000361323704629,3.183978634657276e-05
1,1.0,0.3087684780884124,0.0003477757503264,1.3280298311434164e-05
2,2.0,0.4273266499206097,0.0003870113370372,6.077646091258243e-05
3,3.0,0.4281441591201523,0.000383145941754,2.5340010875695328e-05
4,4.0,0.3059327707602968,0.0004338379223687,3.520762691276648e-05
