,replicate,kmeans_perf,knn_perf,predictor_perf
0,0.0,0.7027500484334742,0.6105986261040235,0.9152058261453436
1,1.0,0.7064094904989411,0.6164524416765891,0.9016896980441798
2,2.0,0.7148700074245188,0.6311661629032577,0.8978926602941302
3,3.0,0.7029533133411568,0.6370111773808271,0.9064964770217688
4,4.0,0.6897085755498514,0.6264142032058246,0.9078919322928942
