,replicate,kmeans_perf,knn_perf,predictor_perf
0,0.0,0.5449518448377709,0.6577664399092971,0.6593537414965986
1,1.0,0.5502591611602942,0.66955087582464,0.6835819440382178
2,2.0,0.5782273173683757,0.6486897936708451,0.6716953324911735
3,3.0,0.5507423475023422,0.6554454317612213,0.6581225791752108
4,4.0,0.5495434620758178,0.6310963714397191,0.6667073091429314
