,replicate,kmeans_perf,knn_perf,predictor_perf
0,0.0,0.3288968158233845,0.8174949025264351,0.8528893490970817
