,replicate,kmeans_perf,knn_perf,predictor_perf
0,0.0,0.334826632421862,8.646017530487805,6.089593175174125
1,1.0,0.34430019192253,11.52560975609756,6.315563371407623
2,2.0,0.3456849105382228,7.661280487804878,6.186224188843427
3,3.0,0.331862748513177,10.146597410418549,6.638097671404382
4,4.0,0.5380621035571658,9.636991869918695,6.446231152561754
