,replicate,kmeans_perf,knn_perf,predictor_perf
0,0.0,0.7166561949483126,0.5527777777777778,0.7652777777777777
1,1.0,0.7230765504784088,0.5725214938686101,0.7649342262565233
2,2.0,0.6776462019751215,0.5658136440464632,0.7552012083288381
3,3.0,0.7033442926709186,0.5870920645826176,0.7639694263139815
4,4.0,0.8515791658781552,0.5706655669583471,0.7666026602058803
