,replicate,kmeans_perf,knn_perf,predictor_perf
0,0.0,0.3202553106905084,0.6756852463481903,0.7071628814963624
1,1.0,0.31427937984775,0.660911039778592,0.6862935698649093
2,2.0,0.3144827676398963,0.6675796321372918,0.6812253470969967
3,3.0,0.320200076355248,0.6637811956351627,0.7056921614835547
4,4.0,0.322078802266859,0.6812084800522743,0.7117290449050714
