,replicate,kmeans_perf,knn_perf,predictor_perf
0,0.0,0.4293805989642588,0.5478023669922449,0.6097876498763943
1,1.0,0.4309292117818991,0.5440349187766601,0.5965261721410096
2,2.0,0.428873815793671,0.5492613038423693,0.6037266207640668
3,3.0,0.4298034017525124,0.551708697121118,0.6084633534278879
4,4.0,0.4253892120349911,0.5409543194378265,0.6016746320590289
