,replicate,kmeans_perf,knn_perf,predictor_perf
0,0.0,0.2306708754860402,0.0414787646643373,0.0085820834570968
1,1.0,0.2328615529757126,0.0400480257459874,0.0077569536119837
2,2.0,0.2334831289898237,0.0400630270222059,0.0081532829522421
3,3.0,0.2251896546208916,0.0397248140745554,0.0085413993818959
4,4.0,0.2338783361850785,0.0405262435365857,0.0084851222642167
