,replicate,kmeans_perf,knn_perf,predictor_perf
0,0.0,0.5766619338913241,0.782724937288671,0.9067709590138264
1,1.0,0.5767390991059558,0.7708048023650196,0.9115169029010572
2,2.0,0.5756437527685873,0.7723070676532381,0.9035043613939592
3,3.0,0.5787517544848708,0.7645196392120759,0.9099996866284352
4,4.0,0.5730827807738522,0.7850927678592412,0.9095534646021752
