,replicate,kmeans_perf,knn_perf,predictor_perf
0,0.0,0.5618940631669006,4.300448192771085e-05,5.05218652206334e-06
1,1.0,0.551816824356979,4.551668072289157e-05,5.879505510351549e-06
2,2.0,0.5451301011379416,4.782506024096386e-05,5.345368962945629e-06
3,3.0,0.5643014063637317,4.090677108433735e-05,5.345405272322266e-06
4,4.0,0.5552382250728578,4.117625301204819e-05,5.150298391600161e-06
