,replicate,kmeans_perf,knn_perf,predictor_perf
0,0.0,0.5493599587295234,0.5488743419229704,0.6722637849819895
1,1.0,0.5324812977630228,0.5678443155131924,0.6438838237325597
2,2.0,0.5546231677480821,0.5569484735460699,0.6701339964083437
3,3.0,0.5162639249128925,0.5656564608916915,0.6946599457904636
4,4.0,0.6141456536169337,0.5457080655193862,0.6513269749118806
