,replicate,kmeans_perf,knn_perf,predictor_perf
0,0.0,0.3452529085295891,0.683099775448203,0.7190580832642867
1,1.0,0.3491438716344652,0.6657622349512612,0.6887950959702542
2,2.0,0.3470758481991995,0.6850207400829603,0.709064836259345
3,3.0,0.3472732218346336,0.6638506216099458,0.7138754220067521
4,4.0,0.3569407652693571,0.7117011701170117,0.7142914291429143
