,replicate,kmeans_perf,knn_perf,predictor_perf
0,0.0,0.1153646202955528,0.5309234863219792,0.7353844459538296
