,replicate,kmeans_perf,knn_perf,predictor_perf
0,0.0,0.4856239398910529,0.5821678200564221,0.4423517239137101
1,1.0,0.4976896652847281,0.3520155956929772,0.314009580972612
2,2.0,0.4858898006187248,0.4256743166955932,0.3293692973854887
3,3.0,0.4876434949226974,0.3796115059414998,0.3652126343525538
4,4.0,0.4919296011066532,0.4043286427198889,0.4368646780307228
