,replicate,kmeans_perf,knn_perf,predictor_perf
0,0.0,0.5219652907706254,0.089974221824449,0.0529149625685086
1,1.0,0.527147393168099,0.0955877058517592,0.0516914138438946
2,2.0,0.5285150879153624,0.1015297671113542,0.0516444146414366
3,3.0,0.5203758770329279,0.0957085836619898,0.0506495009115471
4,4.0,0.5249845525730761,0.0936940633245776,0.0491398721984327
