,replicate,kmeans_perf,knn_perf,predictor_perf
0,0.0,0.947247627555281,0.1270052063402021,0.0313137878613826
1,1.0,0.947673291500936,0.1286066771353771,0.0306116098711139
2,2.0,0.9462697969750152,0.1156391082353694,0.0287966116937926
3,3.0,0.9495223462243632,0.1186696003439517,0.0297205479008502
4,4.0,0.9466076767881964,0.1257538021041492,0.0305145996279819
