,replicate,kmeans_perf,knn_perf,predictor_perf
0,0.0,0.2255488095143104,0.6405846130087736,0.7717970793479205
1,1.0,0.2251073472251999,0.6307186371623318,0.7925859014462531
2,2.0,0.2268977991224401,0.6441797500458849,0.786161851980701
3,3.0,0.226893346964995,0.6373255779582299,0.791453161600276
4,4.0,0.2291858825909797,0.647362815429662,0.8011094039768345
