,replicate,kmeans_perf,knn_perf,predictor_perf
0,0.0,0.8024021255055815,0.0198733789556609,0.00838859436671
1,1.0,0.8039220611165158,0.020962622490048,0.0073313906621982
2,2.0,0.8013848600039103,0.020819754163213,0.0078201449764251
3,3.0,0.7906943104979047,0.0203183929069971,0.0077632605128687
4,4.0,0.8011742263142493,0.019444288284015,0.0076662120237096
