,replicate,kmeans_perf,knn_perf,predictor_perf
0,0.0,0.1267326480324256,85.66210675534445,66.70780136354473
1,1.0,0.1240212329690456,65.3844214040644,62.6472262122939
2,2.0,0.1377220342370549,67.93193809263659,71.90746544749538
3,3.0,0.143873808152629,79.48772395486937,75.0679000352931
4,4.0,0.1422705954365316,77.01918711638955,68.94616383191452
