,replicate,kmeans_perf,knn_perf,predictor_perf
0,0.0,0.3476529036776175,0.0476561286685321,0.0253691887630659
1,1.0,0.3417542026838325,0.0540161779562831,0.0240799083102513
2,2.0,0.3449727175552395,0.049440302634705,0.0230932886015465
3,3.0,0.3510431680836816,0.0523147639488761,0.0248555212618063
4,4.0,0.3509212715422835,0.0515364147497985,0.0262607823590085
