,replicate,kmeans_perf,knn_perf,predictor_perf
0,0.0,0.6455155380817456,0.8689365033040044,0.9404954925740968
1,1.0,0.6465924442083824,0.8628692534223048,0.9344620213637336
2,2.0,0.6539394538393499,0.8793823949742605,0.9441808106040628
3,3.0,0.6397320204608122,0.8739573540201802,0.9381959808519064
4,4.0,0.6454191133445079,0.8705516905529608,0.9354051353749344
