,replicate,kmeans_perf,knn_perf,predictor_perf
0,0.0,0.0900672228491484,0.0697437562187879,0.0500308279537566
