,replicate,kmeans_perf,knn_perf,predictor_perf
0,0.0,0.1687700305114753,49.04444444444444,24.62124798928305
1,1.0,0.1716583511814805,59.09866666666667,26.98818197371881
2,2.0,0.1716054634721011,71.67407407407408,24.525578718711937
3,3.0,0.1787811997761532,65.88148148148147,26.755958605288907
4,4.0,0.173330959180103,56.75555555555556,29.723817415556137
