,replicate,kmeans_perf,knn_perf,predictor_perf
0,0.0,0.3000159353607621,0.5834420172955916,0.7834810218429307
1,1.0,0.2995791086351273,0.5878663563952888,0.7816668578956192
2,2.0,0.3005545645884181,0.5833350624177044,0.7839270688862731
3,3.0,0.2986979699721038,0.5906522631517941,0.7816850056707676
4,4.0,0.287107546178965,0.6009747509488175,0.7805041068621168
