,replicate,kmeans_perf,knn_perf,predictor_perf
0,0.0,0.1919556785450115,153581.75479054576,146335.87659994897
1,1.0,0.1923700227395635,160476.43976556495,148869.79096534854
2,2.0,0.1676464617830753,162852.6374865488,147007.03635016573
3,3.0,0.191353257921936,158553.07944657956,146627.37504418785
4,4.0,0.1806096309234868,166789.0332897771,149902.76574578608
