,replicate,kmeans_perf,knn_perf,predictor_perf
0,0.0,0.8326077598899364,0.0002279454921362,0.0002776024544903
1,1.0,0.8280393139758288,0.0002303986518086,0.0002826472593011
2,2.0,0.8250029633828679,0.0002473340088998,0.0002981674774286
3,3.0,0.8280461221306226,0.0002460342325497,0.0002981289906118
4,4.0,0.8274918953611307,0.0002460959990489,0.0002686063627134
