,replicate,kmeans_perf,knn_perf,predictor_perf
0,0.0,0.6325236286886912,0.0056026114094141,0.001793471666073
1,1.0,0.6356158635700174,0.005395034595702,0.00156381360694
2,2.0,0.6313310197778618,0.0052881915263598,0.0014954388739579
3,3.0,0.6381510788066501,0.0067991035079676,0.001368904781215
4,4.0,0.635234195927287,0.0068130790481912,0.001303423070331
