,replicate,kmeans_perf,knn_perf,predictor_perf
0,0.0,0.4837328572416676,0.0004284164769262,0.0009322138794507
1,1.0,0.4946876892830533,0.0003100577330228,0.0009346362953053
2,2.0,0.4922558711095326,0.0003038270802782,0.0008141517726419
3,3.0,0.4920747103992144,0.0004270683747876,0.001063849230994
4,4.0,0.4803021216609645,0.0003593638710089,0.0007913293060656
