,replicate,kmeans_perf,knn_perf,predictor_perf
0,0.0,0.5233639488578088,125.42692747537647,89.28563697820562
1,1.0,0.5265369080158199,154.4046113658985,106.163963857995
2,2.0,0.5459711828013715,135.73382548413835,102.69455674310863
3,3.0,0.5430345083721346,133.11705876816984,98.43250985921826
4,4.0,0.5357900996692967,121.92744059385136,95.95018537451492
