,replicate,kmeans_perf,knn_perf,predictor_perf
0,0.0,0.586114789185476,0.0071338533114395,0.0114911199006856
1,1.0,0.5875036255122875,0.0036528448275862,0.0034785773377198
2,2.0,0.5506988088440081,0.0066484811165845,0.0054043961882446
3,3.0,0.5501820540236411,0.0149421066810344,0.0135632282121354
4,4.0,0.5982384058902512,0.0043906403940886,0.0038609361205328
