,replicate,kmeans_perf,knn_perf,predictor_perf
0,0.0,0.4355744424022222,0.7750899129441027,0.8684346744647239
1,1.0,0.4392570346160914,0.7706339766406125,0.8533487452825127
2,2.0,0.4303192672225259,0.7492069169805837,0.8431595890946892
3,3.0,0.4367732978841502,0.7790426387771521,0.8627379994636633
4,4.0,0.4347691334380635,0.7816416096104686,0.8709308353742469
