,replicate,kmeans_perf,knn_perf,predictor_perf
0,0.0,0.2968669448399628,0.0007670826986201,0.0008076312461095
1,1.0,0.2932584254816328,0.0008422142517577,0.000842479159438
2,2.0,0.3073750903672436,0.0008504357144,0.000872115289914
3,3.0,0.3071618869066201,0.0007582384046631,0.0007493323061111
4,4.0,0.3156315945452349,0.0007940093144775,0.0008548368043882
