,replicate,kmeans_perf,knn_perf,predictor_perf
0,0.0,0.6147403814491501,0.1533202325653356,0.1411886896991752
1,1.0,0.6157019937176693,0.1587169115805738,0.1367999292574633
2,2.0,0.8291847083578407,0.1543897805003586,0.1380684129853703
3,3.0,0.6159080546118264,0.1564821439822148,0.1390483323792916
4,4.0,0.8293011551966374,0.1581467186106573,0.1371942001601986
