,replicate,kmeans_perf,knn_perf,predictor_perf
0,0.0,0.5001974456924428,0.689002849002849,0.5424369334486947
1,1.0,0.5058548463000737,0.6811076923076923,0.4907745471500944
2,2.0,0.5024736151726401,0.6331623931623931,0.5589709589643014
3,3.0,0.5160659428256407,0.6214814814814814,0.4802410237419048
4,4.0,0.5229971997097628,0.6061384615384615,0.4980367197637004
