,replicate,kmeans_perf,knn_perf,predictor_perf
0,0.0,0.2908056386871454,0.0007711674362089,0.0009221909739497
1,1.0,0.2806212175425954,0.0007995777964812,0.0008224868669401
2,2.0,0.2972747716691181,0.0008025494460192,0.0009157875583606
3,3.0,0.2759333978833154,0.0007918117884497,0.000838857690051
4,4.0,0.2942860011377807,0.0007425352155054,0.0007821501671135
